dataset,method,experiment,seed,expr,complexity,cv_loss,test_loss,cv_r2,test_r2
NHANES_metabolic_score,lgo,base,1,"add(id(waist_circumference), add(add(add(0.4068677941770504, add(one, sqrt(sqrt(id(systolic_bp))))), sub(sqrt(id(triglycerides)), mul(0.4068677941770504, id(idF(idF(idF(waist_circumference))))))), div(pow(sub(div(div(zero, 0.6847768965264162), 0.4068677941770504), sub(sqrt(zero), 0.6847768965264162)), add(div(id(hdl_cholesterol), zero), add(pow(sub(sqrt(pow(0.4988488270682155, zero)), sub(log(one), sqrt(one))), sub(log(mul(one, one)), sub(mul(zero, one), sub(-0.6205754051931592, one)))), 0.3910068017914288))), sub(pow(mul(-0.38119243742777237, log(zero)), sqrt(id(idF(idF(idF(waist_circumference)))))), log(mul(pow(zero, -0.6192937591403666), one))))))",61,0.606308186,0.621782341,0.641329265,0.64759064
NHANES_metabolic_score,lgo,lgo_soft,1,"lgo_or2(gate_expr(lgo_or2(gate_expr(sqrt(id(idF(idF(triglycerides)))), as_pos(mul(pow(log(lgo_and2(one, zero, 2.2520182412819345, 1.38253634247276)), zero), log(zero))), as_thr(pow(div(zero, one), gate_expr(-0.9015236774409187, 0.4173726242315871, 1.3600175934001504)))), lgo(sub(log(log(zero)), lgo_and3(mul(1.0865389862752473, zero), pow(zero, one), -0.9015236774409187, as_pos(-0.5472469437754091), as_thr(one))), as_pos(mul(div(0.7716908023652747, 1.580919365047436), lgo_or2(id(diastolic_bp), mul(one, one), as_pos(one), as_thr(zero)))), as_thr(pow(pow(one, one), add(zero, 2.301172497773143)))), as_pos(id(idF(idF(waist_circumference)))), as_thr(sqrt(add(lgo_and3(zero, zero, 0.05891932343061667, 0.2859450395663507, 0.03943602077875635), log(0.31678945301235134))))), 0.7039162354147078, as_thr(zero)), id(waist_circumference), as_pos(div(-1.6192221208415445, gate_expr(sub(mul(lgo(log(one), as_pos(0.3670041037285586), as_thr(0.39092071159126557)), lgo_and2(add(0.1553945341906731, one), gate_expr(0.23736797614493593, 0.3753540920781385, 0.5011553084635167), as_pos(-0.6564131209051126), as_thr(one))), id(idF(idF(triglycerides)))), as_pos(log(zero)), as_thr(id(idF(idF(diastolic_bp))))))), as_thr(id(waist_circumference)))",95.6,0.871918313,0.914225035,0.488874723,0.481842056
NHANES_metabolic_score,lgo,lgo_hard,1,"add(sqrt(div(add(add(add(add(id(systolic_bp), lgo_thre(id(idF(gender_std)), 2.9591255550357505, -0.25715112191986716)), 1.1762555618280364), id(idF(idF(idF(idF(fasting_glucose)))))), id(idF(waist_circumference))), one)), sqrt(div(pow(add(one, id(triglycerides)), 1.1762555618280364), sub(one, mul(div(pow(add(one, id(triglycerides)), 1.1762555618280364), one), zero)))))",25,0.606055906,0.619774431,0.648987984,0.648728669
NHANES_metabolic_score,pysr,base,1,systolic_bp/(hdl_cholesterol + 4.502504) + sin(sin(gender_std + sqrt(waist_circumference) + log(sqrt(triglycerides)))) - 13.386935/age,19,0.578571797,,0.662548312,
NHANES_metabolic_score,operon,base,1,((-18.094015) + ((-2.378054) * log(((sqrt((0.707107 * hdl_cholesterol)) / (sqrt(1 + (4.534545 * systolic_bp) ^ 2))) / (sqrt(1 + (((sqrt(((1.511916 * triglycerides) + (1.986616 * fasting_glucose))) * (log(sqrt((0.272457 * waist_circumference))) / (sqrt(1 + sin(sqrt((0.707107 * fasting_glucose))) ^ 2)))) * (cos(sqrt(sqrt((0.707107 * fasting_glucose)))) / (sqrt(1 + sin(sin(sqrt((2.302585 * fasting_glucose)))) ^ 2)))) * ((sqrt(sqrt(log((0.707107 * fasting_glucose)))) / (sqrt(1 + cos(sin(sqrt((0.707107 * hdl_cholesterol)))) ^ 2))) * ((sqrt(sqrt((0.272457 * waist_circumference))) + (0.726453 * gender_std)) * log(sqrt(sqrt((0.272457 * waist_circumference))))))) ^ 2)))))),89.25,6.06043956,,-2.536063867,
NHANES_metabolic_score,lgo,base,2,"add(add(mul(mul(add(mul(add(mul(1.1028910811599475, one), one), 0.1639763460095015), add(one, one)), id(idF(systolic_bp))), 0.1639763460095015), add(mul(1.1028910811599475, one), one)), mul(0.7365482667439227, mul(one, mul(0.7365482667439227, add(id(waist_circumference), id(idF(idF(triglycerides))))))))",15,0.788110389,0.875772479,0.540323951,0.549962584
NHANES_metabolic_score,lgo,lgo_soft,2,"lgo_or2(gate_expr(add(lgo_or2(0.8144311736641435, one, as_pos(lgo(pow(zero, one), as_pos(sub(id(idF(waist_circumference)), 2.192192564637611)), -0.4841538569846615)), -2.425282516888632), 1.3756635782048707), as_pos(log(id(idF(idF(hba1c))))), -1.9428740874744936), id(idF(waist_circumference)), as_pos(sub(lgo(sub(lgo(zero, 0.3975085977363728, -0.7827645932795775), 1.3756635782048707), as_pos(lgo(add(zero, zero), as_pos(one), as_thr(0.2880219293963212))), -2.064275114318653), 2.192192564637611)), -1.0186536032388178)",30,1.144022678,1.261047591,0.322505246,0.351979409
NHANES_metabolic_score,lgo,lgo_hard,2,"add(lgo_thre(id(idF(idF(triglycerides))), as_pos(mul(sub(lgo_thre(zero, 0.36974162586442544, as_thr(zero)), log(zero)), div(div(0.22272576449739548, zero), sub(zero, zero)))), as_thr(sqrt(mul(lgo_thre(id(waist_circumference), 0.41309577023514216, -0.32094327464699257), lgo_thre(id(bmi), 6.8357131667367685, as_thr(sqrt(zero))))))), div(add(lgo_thre(id(idF(fasting_glucose)), as_pos(mul(sub(lgo_thre(zero, 4.2458180478685374, -0.5828360645114322), log(zero)), div(div(0.22272576449739548, zero), sub(zero, zero)))), -0.401414580019459), add(pow(sqrt(zero), one), add(lgo_thre(id(bmi), 4.035707748665311, -0.32094327464699257), lgo_thre(id(systolic_bp), 7.541688845598262, as_thr(lgo_thre(0.5195443171749201, as_pos(0.38140876595136813), 1.621810779098432)))))), pow(div(one, mul(1.0720430330165307, one)), mul(pow(sub(pow(lgo_thre(one, as_pos(0.25096369887387093), -2.1625322305758705), sqrt(-1.230460532624411)), lgo_thre(one, as_pos(one), as_thr(zero))), pow(add(id(hdl_cholesterol), sqrt(-1.230460532624411)), sub(pow(lgo_thre(one, 4.035707748665311, -0.527397819963527), zero), id(idF(idF(gender_std)))))), one))))",81.5,0.241427004,0.238963945,0.8520919,0.877202448
NHANES_metabolic_score,pysr,base,2,0.8388273*gender_std + sin(sqrt(systolic_bp) + 0.5193401 + triglycerides/systolic_bp) + cos(log(fasting_glucose)) + 0.8388273*waist_circumference/hdl_cholesterol,19.75,0.504670047,,0.696838143,
NHANES_metabolic_score,operon,base,2,(4.756708 + ((-270857.281250) * (((((((sqrt((0.131461 * fasting_glucose)) / (sqrt(1 + (0.434294 * waist_circumference) ^ 2))) / (sqrt(1 + (0.455711 * systolic_bp) ^ 2))) / (sqrt(1 + ((9.425313 * gender_std) / (sqrt(1 + (0.434294 * hdl_cholesterol) ^ 2))) ^ 2))) / (sqrt(1 + (sin(sin(sin((0.131461 * fasting_glucose)))) / (sqrt(1 + sin(((-0.127513) * fasting_glucose)) ^ 2))) ^ 2))) / (sqrt(1 + ((2.718282 * fasting_glucose) / (sqrt(1 + log((0.434294 * bmi)) ^ 2))) ^ 2))) / (sqrt(1 + ((sin(sin(sqrt((3.527273 * fasting_glucose)))) / (sqrt(1 + log((0.131461 * fasting_glucose)) ^ 2))) + ((((sqrt((0.434294 * bmi)) / (sqrt(1 + (0.707107 * hdl_cholesterol) ^ 2))) * sqrt(((1.839096 * triglycerides) + (1.414214 * waist_circumference)))) / (sqrt(1 + (0.850971 * hdl_cholesterol) ^ 2))) * sqrt(((1.839096 * triglycerides) + (8.375812 * gender_std))))) ^ 2))) / (sqrt(1 + (0.589648 * gender_std) ^ 2))))),114.75,5.975342466,,-2.59767974,
NHANES_metabolic_score,lgo,base,3,"add(sub(add(zero, sqrt(add(id(idF(triglycerides)), sqrt(sqrt(id(systolic_bp)))))), mul(sub(one, pow(add(sqrt(0.7203371916172717), one), 0.7203371916172717)), id(idF(waist_circumference)))), pow(add(sqrt(add(id(idF(idF(fasting_glucose))), div(mul(pow(div(0.4616855453942714, -1.45549936412017), log(0.44890957610406634)), div(mul(-0.8994321914230351, -0.8560041892026075), mul(one, one))), add(mul(sub(-1.1859700502053732, one), 0.7203371916172717), add(log(div(0.4616855453942714, -1.45549936412017)), id(gender_std)))))), one), 0.7203371916172717))",31,0.540250959,0.617290786,0.679614139,0.673016183
NHANES_metabolic_score,lgo,lgo_soft,3,"sub(lgo_or2(id(idF(waist_circumference)), sqrt(sub(gate_expr(add(add(pow(id(fasting_glucose), 0.7594481700366413), add(pow(id(triglycerides), 0.7594481700366413), id(idF(gender_std)))), add(add(pow(id(triglycerides), 0.7594481700366413), id(systolic_bp)), 1.3756635782048707)), as_pos(sub(pow(zero, zero), zero)), -1.885003557829626), pow(log(gate_expr(id(idF(waist_circumference)), as_pos(pow(zero, zero)), -0.9103320080738505)), div(lgo(lgo(gate_expr(zero, 6.740636247305263, -0.617698451061029), as_pos(zero), -1.8007059535894843), as_pos(lgo_or2(-1.849644677161458, zero, 4.134679505438751, -1.851330773523466)), as_thr(sqrt(one))), add(gate_expr(lgo(one, 2.517847244678085, 1.6205977553765432), as_pos(1.4898752876315768), as_thr(one)), lgo(mul(one, one), as_pos(zero), -2.0616389810972215)))))), as_pos(-2.523966000467257), -2.0052827380158615), pow(-0.2998643665859347, lgo_or2(zero, -0.0328303512024372, as_pos(-2.523966000467257), -1.4110416893711606)))",61,0.629712187,0.694756749,0.628533581,0.631981849
NHANES_metabolic_score,lgo,lgo_hard,3,"add(lgo_thre(id(waist_circumference), 4.121154560004933, -0.6355915427463122), div(add(sqrt(id(triglycerides)), div(add(sqrt(sqrt(id(idF(idF(systolic_bp))))), lgo_thre(sub(id(idF(fasting_glucose)), sqrt(log(-0.8262901909686373))), as_pos(mul(mul(mul(-1.261707374765856, 0.12156503060314841), div(one, zero)), sub(one, 1.2216240876354307))), -0.38604695656430776)), pow(div(one, 1.1917206310936277), id(idF(idF(idF(idF(gender_std)))))))), pow(div(one, div(0.5608638902782919, 0.539458119449239)), mul(1.0720430330165307, div(div(id(idF(waist_circumference)), lgo_thre(id(idF(gender_std)), 4.121154560004933, -0.027278908513152844)), one)))))",39.5,0.339086267,0.376924698,0.793534368,0.800340003
NHANES_metabolic_score,pysr,base,3,sin(0.043687552*systolic_bp + 0.9127126) + sin(sin(1.3326559*0.19376962*triglycerides*fasting_glucose*0.02593025/systolic_bp + gender_std - 1*1.1684608)) + waist_circumference/hdl_cholesterol,23.25,0.527160762,,0.684460523,
NHANES_metabolic_score,operon,base,3,((-28.168659) + (2.400506 * (log((((((1.600057 * triglycerides) + (1.702069 * waist_circumference)) * ((0.028491 * waist_circumference) + exp((1.414214 * gender_std)))) + ((((2.963277 * waist_circumference) / (sqrt(1 + log((0.010001 * fasting_glucose)) ^ 2))) + (sqrt((1.533465 * hdl_cholesterol)) * sqrt((1.772454 * hdl_cholesterol)))) * (cos((((-0.871506) * systolic_bp) * 0.152952)) + ((0.353227 * fasting_glucose) * 0.152952)))) / (sqrt(1 + (((((0.010001 * fasting_glucose) + sqrt((1.533465 * hdl_cholesterol))) + cos(sqrt((2.718282 * hdl_cholesterol)))) / (sqrt(1 + cos(((0.353227 * fasting_glucose) * 0.152952)) ^ 2))) + cos((0.028491 * waist_circumference))) ^ 2)))) + log((4.594075 * systolic_bp))))),74.75,5.97260274,,-2.590368662,
NHANES_metabolic_score,lgo,base,5,"add(id(idF(waist_circumference)), add(add(add(sqrt(add(add(mul(4.202412498041466, zero), pow(1.149161767632153, id(gender_std))), id(systolic_bp))), add(sqrt(add(sqrt(pow(one, -0.44489051465964546)), id(fasting_glucose))), sqrt(id(triglycerides)))), zero), sub(sub(sub(div(id(idF(waist_circumference)), log(log(1.149161767632153))), log(sqrt(add(sqrt(pow(1.149161767632153, -1.0342611346081876)), sqrt(id(fasting_glucose)))))), log(id(idF(gender_std)))), log(id(idF(gender_std))))))",38.5,0.60513664,0.580094485,0.650364912,0.666236479
NHANES_metabolic_score,lgo,lgo_soft,5,"lgo_or2(gate_expr(add(add(lgo_or2(lgo_or2(id(idF(systolic_bp)), id(triglycerides), as_pos(div(lgo_or2(add(one, 1.5726086818703233), lgo_and2(zero, one, 3.7325556889033726, -0.3413736078961852), 3.093534783934775, as_thr(zero)), mul(pow(-0.7226427711621136, one), sub(one, 0.5005831584427195)))), as_thr(lgo_and2(log(one), sub(0.2799360548019635, 0.4929783873062898), as_pos(0.613560482033091), as_thr(-0.5144686694202474)))), lgo_and2(gate_expr(id(waist_circumference), as_pos(zero), -0.37216427655499495), lgo_and2(gate_expr(id(waist_circumference), 3.423965881499185, as_thr(zero)), log(mul(1.5726086818703233, 0.39048771180682873)), 2.058466008651776, -1.885949051932098), 3.243214161588592, -1.4756646272300407), as_pos(div(lgo_or2(add(one, 0.9430912961531658), lgo_and2(1.3756635782048707, one, 4.466112178855967, -0.37216427655499495), as_pos(one), -1.150446945759659), mul(pow(-0.7226427711621136, one), sub(one, 0.5005831584427195)))), as_thr(gate_expr(gate_expr(add(one, 1.3756635782048707), 3.7637703071221313, -1.3465062699441315), as_pos(-1.6192221208415445), -1.0668231534231665))), 1.3756635782048707), add(lgo_or2(-0.5512025332187878, lgo_and2(gate_expr(id(waist_circumference), as_pos(zero), -1.418222560439486), lgo_and2(mul(-2.0252987675047227, one), one, 0.5545900676590315, as_thr(zero)), 4.572346906705372, -1.4225916101509262), 0.22466315063148537, as_thr(gate_expr(add(one, 1.3756635782048707), 7.268302642585284, -0.1660548887763431))), 1.3756635782048707)), 3.243214161588592, as_thr(zero)), id(waist_circumference), as_pos(-1.6192221208415445), as_thr(div(lgo_or2(add(one, 0.9430912961531658), id(waist_circumference), as_pos(one), as_thr(-1.2734553895536032)), mul(pow(-0.7226427711621136, one), sub(one, 0.5005831584427195)))))",110,0.768331461,0.776460416,0.545649106,0.553255255
NHANES_metabolic_score,lgo,lgo_hard,5,"add(id(idF(idF(waist_circumference))), mul(add(lgo_thre(id(triglycerides), 28.205319417209388, as_thr(lgo_thre(id(idF(hdl_cholesterol)), 9.372463249887444, as_thr(sqrt(mul(one, zero)))))), add(lgo_thre(id(idF(idF(idF(fasting_glucose)))), 15.314116049446824, -0.4641956728231732), pow(add(lgo_thre(zero, 0.6503787912295532, as_thr(one)), pow(sqrt(pow(one, zero)), zero)), pow(mul(add(-0.2728001002362054, id(systolic_bp)), sqrt(lgo_thre(sub(one, zero), as_pos(1.8181642192262184), -0.44098435649523915))), div(mul(sqrt(zero), log(zero)), log(zero)))))), 1.1172013933359886))",45,0.681238411,0.708639593,0.60739237,0.592276686
NHANES_metabolic_score,pysr,base,5,log(1.62110773077622 + 5.1798425*triglycerides/hdl_cholesterol) + sin(sin(sqrt(bmi + systolic_bp))) + cos(sqrt(fasting_glucose) + gender_std),20,0.561463499,,0.664760188,
NHANES_metabolic_score,operon,base,5,((-2.589694) + ((-0.281887) * ((sqrt((sqrt((sqrt((0.132779 * triglycerides)) + sin((0.693147 * (1.722481 + (0.252846 * fasting_glucose)))))) * ((1.089409 * waist_circumference) * (0.131000 * systolic_bp)))) + ((log((3.702765 * hdl_cholesterol)) * sin(sin((0.693147 * (0.141428 * systolic_bp))))) + sqrt((((6.283185 * hdl_cholesterol) / (sqrt(1 + ((0.132779 * triglycerides) * log((0.132779 * triglycerides))) ^ 2))) + (((0.707107 * gender_std) * 1.722481) * ((0.323832 * triglycerides) + ((0.693147 * hdl_cholesterol) + (0.252846 * fasting_glucose)))))))) * (sin(sin(log((0.626494 * fasting_glucose)))) / (sqrt(1 + log((0.318310 * hdl_cholesterol)) ^ 2)))))),71.75,5.994520548,,-2.524540935,
NHANES_metabolic_score,lgo,base,8,"add(id(waist_circumference), add(add(pow(1.1762555618280364, id(idF(systolic_bp))), add(sqrt(add(id(idF(idF(triglycerides))), pow(mul(1.1193380771927977, mul(div(one, 1.81752037511887), add(zero, one))), id(waist_circumference)))), add(div(sqrt(id(idF(systolic_bp))), add(mul(id(systolic_bp), id(systolic_bp)), div(mul(div(one, 1.81752037511887), add(zero, one)), one))), zero))), sub(mul(log(sqrt(1.1193380771927977)), add(pow(log(sub(sqrt(one), mul(0.9159441841765106, one))), id(waist_circumference)), pow(log(sub(sqrt(one), mul(0.9159441841765106, div(one, one)))), id(waist_circumference)))), zero)))",47.5,0.642787863,0.625247684,0.620205243,0.656041803
NHANES_metabolic_score,lgo,lgo_soft,8,"lgo_or2(sub(id(idF(waist_circumference)), lgo_and3(one, lgo_and2(lgo_and2(sub(id(triglycerides), add(log(zero), id(triglycerides))), add(add(gate_expr(zero, 4.297579659242464, -0.19775634337408768), lgo_and3(0.17875326533487748, one, 1.0075510533143668, 1.202298149670724, -0.961560374670885)), lgo_and3(lgo_and3(sub(one, zero), div(one, -0.3204861090367364), lgo(one, 4.189935442372492, -0.19775634337408768), as_pos(zero), as_thr(-1.2005793426826963)), lgo_or2(mul(one, 0.3704790411839847), sqrt(one), as_pos(one), -0.9540550049328191), gate_expr(log(id(waist_circumference)), as_pos(one), -0.961560374670885), as_pos(lgo_and3(zero, zero, -0.6739652963019777, 1.8478125559465555, -1.45980306943124)), as_thr(id(waist_circumference)))), as_pos(one), -2.417154371410809), lgo_or2(id(idF(triglycerides)), one, as_pos(add(pow(zero, one), one)), -1.45980306943124), as_pos(one), -0.9540550049328191), lgo_and3(one, lgo_and2(lgo_and2(sub(id(age_band), add(log(zero), id(idF(triglycerides)))), add(add(gate_expr(zero, 4.297579659242464, -0.19775634337408768), lgo_and3(0.17875326533487748, one, 1.0075510533143668, 1.202298149670724, -1.45980306943124)), log(sqrt(one))), as_pos(one), -2.417154371410809), lgo_or2(id(idF(idF(triglycerides))), one, as_pos(add(pow(zero, one), one)), as_thr(div(lgo_and2(0.9551293387463661, zero, 0.2955504218580088, -1.9657174498207293), lgo_and3(0.589038000920714, zero, 0.8183752007185644, 0.3175544669229977, as_thr(one))))), 4.010363255657876, -0.9540550049328191), -1.2180626071491534, 0.2955504218580088, as_thr(id(age_band))), as_pos(add(pow(zero, one), lgo_and3(one, zero, zero, 0.1759599516322403, 0.9706500738052263))), as_thr(id(age_band)))), add(1.25104487897034, sqrt(add(add(id(idF(idF(idF(idF(systolic_bp))))), one), lgo_or2(div(zero, one), one, 4.297579659242464, as_thr(1.4296916873854524))))), 0.03977810052273763, as_thr(one))",129.2,0.700739513,0.674538769,0.589867283,0.628926033
NHANES_metabolic_score,lgo,lgo_hard,8,"add(one, add(add(mul(div(sub(mul(add(one, one), sub(lgo_thre(one, 0.25708384842706794, 1.3118624995652677), one)), div(pow(zero, one), pow(zero, zero))), add(mul(lgo_thre(one, 7.8511712135671585, 1.0701455492797625), id(idF(idF(hdl_cholesterol)))), sub(div(0.44935490888229623, 0.1099453032060044), pow(id(idF(systolic_bp)), mul(add(one, one), sub(0.1099453032060044, 0.050090462420405116)))))), sub(log(div(add(id(idF(systolic_bp)), sub(lgo_thre(one, 0.25708384842706794, 1.3118624995652677), one)), sub(lgo_thre(one, 0.3287063637111955, 0.1359267052564475), id(hdl_cholesterol)))), id(idF(idF(systolic_bp))))), mul(one, add(mul(-0.393837083621868, sub(id(idF(idF(waist_circumference))), id(idF(triglycerides)))), one))), id(idF(waist_circumference))))",45.5,0.695032369,0.678014869,0.579021804,0.627013778
NHANES_metabolic_score,pysr,base,8,sin(fasting_glucose*gender_std/(hba1c + systolic_bp) - sin(1.6216274 - triglycerides/systolic_bp)) + cos(sqrt(systolic_bp)) + 0.10302988 + (age_band + waist_circumference)/hdl_cholesterol,23,0.533929554,,0.683189512,
NHANES_metabolic_score,operon,base,8,((-2.710927) + (0.019122 * (log(((1.414214 * triglycerides) + (sqrt((0.281075 * fasting_glucose)) * sqrt((2.332649 * fasting_glucose))))) * ((((sin(sin(sqrt((6.228738 * systolic_bp)))) / (sqrt(1 + sqrt((2.332649 * waist_circumference)) ^ 2))) * ((-0.636138) * diastolic_bp)) + (((sqrt((0.381629 * waist_circumference)) * sqrt((5.590601 * systolic_bp))) / (sqrt(1 + log((sin((0.318310 * hdl_cholesterol)) + (0.693147 * hdl_cholesterol))) ^ 2))) + ((sin(sin((0.284549 * fasting_glucose))) / (sqrt(1 + sqrt((2.332649 * fasting_glucose)) ^ 2))) * ((-0.636138) * diastolic_bp)))) + (((sin(sqrt((2.389922 * fasting_glucose))) / (sqrt(1 + sqrt((0.841402 * fasting_glucose)) ^ 2))) * ((-0.636138) * diastolic_bp)) + (5.018583 * gender_std)))))),86.75,6.255494505,,-2.591294474,
NHANES_metabolic_score,lgo,base,13,"add(id(idF(waist_circumference)), add(add(sqrt(sqrt(add(1.0357734834027568, sub(sub(id(fasting_glucose), -0.22754775726823664), id(waist_circumference))))), add(sqrt(0.8420175873469908), mul(add(sub(log(-1.0402887213731689), -0.22754775726823664), log(-1.0402887213731689)), id(systolic_bp)))), sqrt(id(idF(triglycerides)))))",19,0.638552156,0.721601748,0.620919327,0.598117858
NHANES_metabolic_score,lgo,lgo_soft,13,"lgo_or2(gate_expr(add(1.3756635782048707, 1.3756635782048707), 5.8768182416352275, as_thr(zero)), id(waist_circumference), as_pos(div(div(one, -0.12507482219942), zero)), as_thr(zero))",12,1.102197022,1.268375021,0.341248634,0.293603054
NHANES_metabolic_score,lgo,lgo_hard,13,"add(lgo_thre(id(triglycerides), 10.946651361998613, as_thr(lgo_thre(zero, 0.25248549485558053, 1.3171368691375598))), div(add(sqrt(lgo_thre(id(idF(idF(waist_circumference))), 4.017774147643606, as_thr(sqrt(pow(zero, one))))), add(zero, pow(1.834314012625187, pow(div(mul(id(systolic_bp), lgo_thre(log(-1.0877434485199908), 10.946651361998613, -1.235299880633981)), add(add(one, one), id(systolic_bp))), sub(lgo_thre(log(zero), 3.2398135154762873, -1.235299880633981), sub(mul(1.0838353386285173, zero), log(1.312502036640436))))))), pow(lgo_thre(add(0.8696699788853542, zero), 3.2398135154762873, as_thr(lgo_thre(-2.118321837810755, as_pos(zero), 0.6680862451568763))), mul(1.0720430330165307, pow(lgo_thre(pow(div(add(lgo_thre(1.4167491797416796, 1.6515100745097246, -1.1773272696468657), div(zero, one)), pow(zero, one)), log(mul(0.9649222148951749, sqrt(zero)))), as_pos(id(age)), as_thr(pow(div(0.2069729608333737, 0.8696699788853542), id(systolic_bp)))), id(idF(idF(idF(hdl_cholesterol)))))))))",70,0.509728003,0.520983469,0.700451335,0.709848329
NHANES_metabolic_score,pysr,base,13,#NAME?,25.25,0.494391844,,0.706695878,
NHANES_metabolic_score,operon,base,13,((-3.925109) + (0.229234 * (sqrt((((((2.302585 * waist_circumference) * (log((1.004043 * triglycerides)) * (0.141428 * systolic_bp))) / (sqrt(1 + sqrt((5.052828 * hdl_cholesterol)) ^ 2))) / (sqrt(1 + (sqrt((0.028491 * fasting_glucose)) / (sqrt(1 + ((cos((0.189881 * bmi)) / (sqrt(1 + log((0.189881 * bmi)) ^ 2))) + (0.912852 * gender_std)) ^ 2))) ^ 2))) / (sqrt(1 + ((sqrt((3.565552 * hdl_cholesterol)) / (sqrt(1 + (0.028491 * fasting_glucose) ^ 2))) / (sqrt(1 + (0.028491 * fasting_glucose) ^ 2))) ^ 2)))) + (((sin(sqrt((5.052828 * systolic_bp))) + (sin(cos(sqrt((0.771610 * triglycerides)))) + (sin((0.251812 * fasting_glucose)) + sqrt((0.887572 * hdl_cholesterol))))) + sin(((-0.096297) * fasting_glucose))) + cos(sqrt((0.125424 * triglycerides))))))),95.25,6.04109589,,-2.527350495,
NHANES_metabolic_score,lgo,base,21,"add(id(idF(idF(waist_circumference))), add(add(sqrt(add(id(idF(idF(idF(idF(systolic_bp))))), pow(mul(one, mul(div(one, 1.81752037511887), add(zero, one))), id(idF(idF(waist_circumference)))))), add(one, div(zero, zero))), sub(sqrt(id(idF(idF(idF(triglycerides))))), log(add(one, sqrt(log(id(idF(waist_circumference)))))))))",22.5,0.708348066,0.66016924,0.598103446,0.594978833
NHANES_metabolic_score,lgo,lgo_soft,21,"lgo_or2(gate_expr(add(one, add(one, add(1.25104487897034, pow(id(triglycerides), pow(gate_expr(one, 0.4430314270334462, 0.19327930404206708), id(triglycerides)))))), as_pos(one), 0.30576820720800246), sub(sub(pow(id(waist_circumference), gate_expr(one, 0.23105632999204495, 1.4240217684062821)), sqrt(sub(lgo(-0.5152371951561253, 0.5540377880016586, as_thr(add(-0.04580480561092218, -1.9707388756645556))), id(fasting_glucose)))), sqrt(sub(lgo(-0.5152371951561253, 1.4190159425800921, -0.756435981532108), id(fasting_glucose)))), as_pos(div(-1.6192221208415445, sub(gate_expr(one, as_pos(lgo_or2(zero, zero, 0.4430314270334462, 0.6360858665564406)), 0.9364090926408647), sqrt(zero)))), 0.8206226496788158)",43,0.597421133,0.582946258,0.655260405,0.642355991
NHANES_metabolic_score,lgo,lgo_hard,21,"add(lgo_thre(id(waist_circumference), 5.885297469035506, as_thr(-0.38701092065136433)), div(add(sqrt(id(idF(idF(triglycerides)))), add(zero, div(add(sqrt(sqrt(id(systolic_bp))), lgo_thre(lgo_thre(id(idF(fasting_glucose)), 8.84562709277992, -0.3570859087176507), 8.84562709277992, 0.4398548767975108)), pow(div(one, lgo_thre(lgo_thre(id(fasting_glucose), 7.928792832586385, -0.49569095101344995), 8.84562709277992, 0.019478755026724442)), one)))), pow(sqrt(sqrt(0.7059600000198958)), one)))",31,0.427982044,0.447432403,0.750420427,0.725495247
NHANES_metabolic_score,pysr,base,21,triglycerides**(1/4) + sin(0.618319000469127*sqrt(fasting_glucose) + sin(0.02789026*fasting_glucose + 0.02789026*systolic_bp)) - cos(gender_std) - cos(2*bmi/hdl_cholesterol),26,0.513701963,,0.711565753,
NHANES_metabolic_score,operon,base,21,((-14.194345) + ((-1.114308) * log((((1.303400 * hdl_cholesterol) / (sqrt(1 + ((((-1.998902) * waist_circumference) * (0.184937 * fasting_glucose)) * (sqrt((0.323832 * gender_std)) + sqrt(cos(cos((0.257575 * waist_circumference)))))) ^ 2))) / (sqrt(1 + (((sin((0.257575 * fasting_glucose)) + ((sqrt((0.318310 * systolic_bp)) + ((-0.397329) * hba1c)) * (0.055093 * waist_circumference))) * ((0.318310 * hdl_cholesterol) + ((0.318310 * hdl_cholesterol) + ((3.141593 * triglycerides) + (2.183742 * systolic_bp))))) * (((sqrt((0.151752 * systolic_bp)) + sin(sin((0.184937 * fasting_glucose)))) + (sin(sqrt((0.227652 * triglycerides))) + sin(((-0.092260) * fasting_glucose)))) * cos(cos((0.055093 * systolic_bp))))) ^ 2)))))),80,6.178571429,,-2.533760842,
NHANES_metabolic_score,lgo,base,34,"add(sqrt(add(id(waist_circumference), sqrt(add(add(id(idF(idF(gender_std))), sub(id(fasting_glucose), pow(-1.0945068676655791, sub(-1.1808679638405428, -0.0656463796353)))), sub(sub(id(idF(idF(fasting_glucose))), pow(-1.0945068676655791, sqrt(id(triglycerides)))), zero))))), sqrt(add(id(systolic_bp), add(sqrt(id(triglycerides)), sub(sqrt(id(triglycerides)), pow(sub(pow(-1.0945068676655791, sub(sub(1.139528489746523, zero), zero)), one), div(id(idF(hdl_cholesterol)), -1.0945068676655791)))))))",34,0.481318486,0.450124952,0.727904697,0.729891144
NHANES_metabolic_score,lgo,lgo_soft,34,"lgo_or2(gate_expr(add(1.3756635782048707, 1.3756635782048707), 3.8483811124529064, as_thr(one)), id(idF(waist_circumference)), as_pos(div(-1.6192221208415445, sqrt(lgo_or2(lgo_or2(lgo(lgo(zero, as_pos(div(-1.6192221208415445, one)), 0.3708565051964758), as_pos(zero), as_thr(-0.9433823093862478)), lgo_or2(id(age_band), sub(zero, one), as_pos(1.170351479145475), as_thr(-0.9433823093862478)), as_pos(gate_expr(one, 2.4149599561784516, -0.6418168021728758)), as_thr(lgo_and3(one, one, one, 0.16304664753924486, 0.4144593154619485))), mul(log(lgo_and2(zero, one, 0.16410943221902985, 1.0214310989016597)), lgo_and2(lgo_and2(0.9165918789885742, 1.45010043844698, 0.5765496259430339, 0.11573659968838251), sqrt(1.1225811066209193), as_pos(zero), as_thr(-1.27908090857864))), as_pos(one), as_thr(lgo_and2(add(1.3756635782048707, 1.3756635782048707), id(age_band), as_pos(-1.504192600278502), as_thr(zero))))))), as_thr(zero))",53.1,1.13944861,1.147774035,0.334461935,0.311249175
NHANES_metabolic_score,lgo,lgo_hard,34,"add(lgo_thre(id(idF(idF(idF(idF(idF(idF(systolic_bp))))))), 16.238050027317353, as_thr(sqrt(zero))), div(add(sqrt(id(triglycerides)), add(lgo_thre(pow(id(waist_circumference), div(div(one, add(id(gender_std), sqrt(zero))), sub(sub(mul(one, one), id(gender_std)), id(waist_circumference)))), 16.238050027317353, -0.4809649206568775), lgo_thre(pow(id(idF(idF(idF(fasting_glucose)))), div(pow(one, mul(one, one)), one)), 16.238050027317353, -0.4275218837714343))), pow(div(one, one), mul(one, one))))",40.5,0.341598489,0.354656624,0.805143206,0.787179327
NHANES_metabolic_score,pysr,base,34,gender_std*0.63026816 + systolic_bp*waist_circumference*0.00018449994 - sin((fasting_glucose - (age_band*gender_std + 0.9362742))*0.0305476) - sin(hdl_cholesterol*0.029329663 + triglycerides*(-0.007733552)),22,0.5412808,,0.686543003,
NHANES_metabolic_score,operon,base,34,((-23.415102) + (2.010407 * (log((((((1.452773 * triglycerides) + (((1.772454 * triglycerides) + (0.986227 * waist_circumference)) + (((-3.380773) * triglycerides) * ((-0.645426) * gender_std)))) / (sqrt(1 + ((-0.627755) * ((-1.070531) * hdl_cholesterol)) ^ 2))) + ((((-1.596548) * systolic_bp) * (-1.885824)) * ((sqrt((0.742011 * fasting_glucose)) + (0.318310 * age_band)) / (sqrt(1 + ((6.283185 * triglycerides) + ((1.772454 * triglycerides) + (1.268451 * waist_circumference))) ^ 2))))) * ((((-5.656158) * triglycerides) + ((((-2.876461) * systolic_bp) * (6.283185 * triglycerides)) / (sqrt(1 + ((-2.216023) * age) ^ 2)))) + ((1.442695 * waist_circumference) * (((-2.876461) * systolic_bp) * (-0.627755)))))) / (sqrt(1 + (exp(1.023675) / (sqrt(1 + sqrt((0.742011 * fasting_glucose)) ^ 2))) ^ 2))))),88.75,6.235616438,,-2.521160855,
NHANES_metabolic_score,lgo,base,55,"add(sqrt(id(triglycerides)), add(add(pow(add(0.7385658923863098, zero), add(add(id(hdl_cholesterol), add(sqrt(id(idF(waist_circumference))), id(hdl_cholesterol))), pow(0.2765185672977068, add(id(waist_circumference), add(id(waist_circumference), add(0.2765185672977068, id(gender_std))))))), add(0.7385658923863098, sqrt(sqrt(id(systolic_bp))))), sub(log(add(0.7385658923863098, sqrt(id(idF(idF(waist_circumference)))))), log(one))))",28,0.487938136,0.526934921,0.712417844,0.701139957
NHANES_metabolic_score,lgo,lgo_soft,55,"add(pow(lgo_or2(lgo_and2(zero, zero, 6.5000728531830125, -0.6349843548888041), lgo_or2(zero, 1.713485322351549, 6.5000728531830125, -0.29457302666595847), as_pos(lgo(log(lgo_and3(div(0.27979533661440287, zero), sqrt(mul(1.1943397798882402, -1.0285214291389195)), log(zero), 4.559965928343622, as_thr(2.1118291828019045))), as_pos(zero), as_thr(zero))), -0.6591249586011483), lgo_and2(div(-1.6192221208415445, one), id(idF(triglycerides)), 0.36803944063030863, 2.0226621281178057)), add(pow(lgo_or2(lgo_and2(zero, zero, 6.5000728531830125, as_thr(2.1118291828019045)), lgo_or2(zero, 1.713485322351549, 0.39301640530766063, -2.604587324485424), as_pos(lgo(log(lgo_and3(zero, sqrt(mul(1.1943397798882402, -1.0285214291389195)), log(zero), as_pos(id(hba1c)), 1.8234818263392625)), as_pos(zero), as_thr(div(one, mul(0.8077068531068785, zero))))), -2.559975136559951), lgo_and2(div(-1.6192221208415445, one), id(triglycerides), 0.36803944063030863, as_thr(div(one, mul(0.8077068531068785, zero))))), lgo_or2(id(idF(triglycerides)), lgo_or2(id(idF(idF(systolic_bp))), id(idF(waist_circumference)), as_pos(div(-1.6192221208415445, one)), 2.2640770067183213), as_pos(div(pow(div(one, zero), add(zero, one)), -0.2753332288648441)), 3.1526089765715195)))",89.1,0.729119389,0.944764884,0.52047171,0.464160634
NHANES_metabolic_score,lgo,lgo_hard,55,"add(div(sqrt(add(log(pow(div(sqrt(one), lgo_thre(1.1768793135871156, 4.393550585227315, 1.256691101356726)), id(idF(systolic_bp)))), add(add(id(fasting_glucose), lgo_thre(sub(id(triglycerides), one), as_pos(sqrt(0.99919369103325)), -0.9000834916669255)), add(id(triglycerides), 1.1917206310936277)))), one), sqrt(add(zero, add(add(id(idF(waist_circumference)), 1.1917206310936277), pow(sub(lgo_thre(div(id(gender_std), sqrt(one)), as_pos(sqrt(0.99919369103325)), as_thr(zero)), lgo_thre(id(hdl_cholesterol), as_pos(1.1917206310936277), as_thr(sqrt(zero)))), pow(lgo_thre(div(id(hdl_cholesterol), sqrt(one)), 6.238031463828124, as_thr(zero)), sqrt(0.99919369103325)))))))",53,0.442894175,0.493271238,0.73167106,0.720232884
NHANES_metabolic_score,pysr,base,55,sin(gender_std + sqrt(0.228803395991525*waist_circumference - 2.447076 + age_band*triglycerides/age) + cos(cos(sqrt(fasting_glucose)))) + 0.8401372*systolic_bp/hdl_cholesterol,23.25,0.531206336,,0.681486507,
NHANES_metabolic_score,operon,base,55,((-22.845867) + (2.752969 * ((((((0.912852 * hdl_cholesterol) / (sqrt(1 + (cos(sqrt((2.718282 * hdl_cholesterol))) + sqrt((0.912852 * hdl_cholesterol))) ^ 2))) + sin(sin((0.141428 * systolic_bp)))) / (sqrt(1 + sqrt((1.774542 * hdl_cholesterol)) ^ 2))) + ((((sqrt((0.434294 * waist_circumference)) / (sqrt(1 + sin(sqrt((0.381629 * waist_circumference))) ^ 2))) / (sqrt(1 + sin(sqrt((2.294239 * fasting_glucose))) ^ 2))) + sqrt((2.718282 * gender_std))) / (sqrt(1 + (sin(sqrt((2.302585 * fasting_glucose))) + sqrt((0.912852 * hdl_cholesterol))) ^ 2)))) + log(((1.414214 * systolic_bp) + ((1.677787 * hdl_cholesterol) + (sqrt((((1.891367 * triglycerides) + (2.228271 * fasting_glucose)) * (0.179302 * waist_circumference))) * (0.141428 * systolic_bp)))))))),86.75,6.126027397,,-2.538814017,
NHANES_metabolic_score,lgo,base,89,"add(id(idF(idF(idF(idF(waist_circumference))))), add(add(sqrt(1.2635731691553123), sqrt(add(sqrt(1.2635731691553123), id(systolic_bp)))), sub(sqrt(id(triglycerides)), log(add(0.8616584552321568, pow(add(add(sub(zero, 0.8616584552321568), id(idF(gender_std))), pow(div(sub(one, 0.8616584552321568), zero), mul(0.051452206983201826, sqrt(1.2635731691553123)))), sub(add(pow(zero, one), add(sub(one, 0.5876998896697209), -0.5730730480144178)), sub(mul(one, one), id(waist_circumference)))))))))",33.5,0.679960842,0.645052021,0.611180303,0.603330538
NHANES_metabolic_score,lgo,lgo_soft,89,"lgo_or2(add(lgo_or2(lgo(id(idF(triglycerides)), as_pos(div(-1.6192221208415445, lgo(lgo(0.7610579236086144, 0.2538922632249338, as_thr(zero)), as_pos(one), as_thr(pow(one, 0.3494401067167104))))), as_thr(-0.12421102752938483)), id(waist_circumference), as_pos(div(-1.6192221208415445, lgo(lgo(0.7610579236086144, 0.2538922632249338, as_thr(pow(zero, zero))), as_pos(one), as_thr(-0.12421102752938483)))), as_thr(one)), 1.049377186993959), add(one, lgo(id(idF(systolic_bp)), as_pos(div(-1.6192221208415445, lgo_and3(pow(zero, lgo_and3(one, add(1.9849974270014752, 0.491760816276825), pow(one, 0.005831566174446704), 0.3881062682504973, 0.5491888256365058)), 1.9964666775544189, gate_expr(gate_expr(add(one, zero), 2.0514266099528715, as_thr(-0.7601700694140735)), as_pos(id(systolic_bp)), as_thr(log(zero))), as_pos(one), as_thr(one)))), as_thr(lgo_and3(sub(sqrt(pow(div(zero, zero), one)), lgo_or2(2.073172063035438, 0.7735369330717862, 3.3848707057885687, -1.4844572843315316)), add(gate_expr(-1.086035460683264, 1.942790350116036, 2.5289004114001354), sub(-0.5562016379671507, one)), gate_expr(add(0.7665668145925311, zero), as_pos(one), as_thr(one)), as_pos(lgo_and3(sub(lgo_and2(-0.5747044574379236, zero, as_pos(one), 2.1078755962905946), lgo_or2(2.073172063035438, 0.7735369330717862, 4.023800344633013, -0.9805023552581587)), zero, one, as_pos(one), 2.1078755962905946)), -0.48941577224606203)))), 1.399387028880524, as_thr(log(lgo_and2(id(idF(fasting_glucose)), mul(lgo_and2(lgo(sub(one, one), as_pos(0.4119742811463854), as_thr(-1.7660496576358693)), pow(id(bmi), mul(one, zero)), as_pos(div(-1.6095185389434103, 1.3938130619455527)), 2.5289004114001354), gate_expr(lgo(lgo_or2(one, one, 0.8288508521183967, -1.6787922470348382), as_pos(one), as_thr(-1.2678881947405987)), as_pos(gate_expr(zero, 0.3666670523183686, 2.148958380554354)), as_thr(div(mul(zero, one), 0.7531998745849205)))), as_pos(log(pow(gate_expr(1.7086499414622267, 2.5795112422597093, 0.4347860430065247), pow(one, 0.3494401067167104)))), as_thr(lgo_and2(gate_expr(id(systolic_bp), as_pos(one), as_thr(zero)), div(sub(one, zero), log(one)), as_pos(lgo_and2(one, 0.43522393175120194, 1.2441440702034468, 0.9595375417876442)), as_thr(add(zero, -0.041431632568639624))))))))",169.7,0.842968249,0.806989145,0.521440948,0.503748628
NHANES_metabolic_score,lgo,lgo_hard,89,"add(lgo_thre(mul(id(triglycerides), one), 8.323528639146367, as_thr(lgo_thre(-1.2367695774221308, as_pos(mul(div(log(mul(-0.9801081523816204, -0.9801081523816204)), add(sqrt(zero), div(one, lgo_thre(one, 6.195554823492625, 0.6744047627979792)))), id(age_band))), as_thr(zero)))), div(add(sqrt(sqrt(id(idF(idF(waist_circumference))))), add(lgo_thre(id(systolic_bp), 9.369809621092026, as_thr(lgo_thre(-1.2367695774221308, as_pos(id(idF(waist_circumference))), as_thr(sub(one, -3.289285134160492))))), one)), pow(lgo_thre(2.169713141847748, as_pos(1.457986654679016), 0.34241463395252514), mul(id(idF(fasting_glucose)), div(one, 0.2774139362388869)))))",40.5,0.599393609,0.610528073,0.658688989,0.624560757
NHANES_metabolic_score,pysr,base,89,0.72202456*gender_std + 0.72202456*cos(0.483513205610767*sqrt(fasting_glucose) + sin(2.4994187324256*sqrt(fasting_glucose))) + systolic_bp/hdl_cholesterol + (2*age_band - 31.672838)/bmi,23.5,0.504743628,,0.710267223,
NHANES_metabolic_score,operon,base,89,((-4.106913) + (0.361127 * (sqrt(((sqrt(sqrt((1.180452 * fasting_glucose))) * (((((0.320089 * systolic_bp) / (sqrt(1 + 0.693147 ^ 2))) + (-2.031986)) * sqrt((1.440101 * waist_circumference))) / (sqrt(1 + sqrt((1.598957 * hdl_cholesterol)) ^ 2)))) / (sqrt(1 + cos((0.082603 * systolic_bp)) ^ 2)))) + ((sqrt(sqrt((sqrt((3.141593 * waist_circumference)) * (0.693147 * triglycerides)))) + cos(sqrt((3.141593 * waist_circumference)))) + (((((0.763012 * gender_std) + sqrt(sqrt((0.763012 * gender_std)))) + cos(sqrt((2.302585 * (3.901121 * fasting_glucose))))) + cos(sqrt((1.598957 * hdl_cholesterol)))) + cos(sqrt((1.180452 * fasting_glucose)))))))),78.5,5.967123288,,-2.477984078,
NHANES_metabolic_score,pstree,base,1,"mul(add(waist_circumference, triglycerides), 0.594)",2,1.17233459,0.874959798,0.348055163,0.504096527
NHANES_metabolic_score,pstree,base,2,"mul(waist_circumference, 0.521)",1,1.104213252,1.271438888,0.340134706,0.346639584
NHANES_metabolic_score,pstree,base,3,"mul(add(add(add(triglycerides, waist_circumference), systolic_bp), add(triglycerides, waist_circumference)), abs(-0.254))",5,0.774639789,0.954060159,0.505923276,0.49462678
NHANES_metabolic_score,pstree,base,5,"mul(sqrt(0.235), add(triglycerides, waist_circumference))",3.5,0.984378325,0.906832126,0.440718516,0.478244508
NHANES_metabolic_score,pstree,base,8,"mul(sqrt(-0.370), waist_circumference)",3.5,1.188429505,1.177766094,0.269155881,0.352093079
NHANES_metabolic_score,pstree,base,13,"mul(add(add(systolic_bp, waist_circumference), triglycerides), 0.382)",2.5,0.778136677,0.820348574,0.518773777,0.543122722
NHANES_metabolic_score,pstree,base,21,"mul(add(triglycerides, waist_circumference), 0.427)",2,0.914921181,0.877538203,0.461331985,0.461620558
NHANES_metabolic_score,pstree,base,34,waist_circumference,1,1.452371197,1.552315363,0.157017892,0.068493925
NHANES_metabolic_score,pstree,base,55,"mul(sqrt(waist_circumference), triglycerides)",3,1.578911765,1.600208683,-0.09093944,0.09241461
NHANES_metabolic_score,pstree,base,89,"mul(waist_circumference, 0.523)",1,1.184314148,1.159529883,0.328304658,0.286956585NHANES_metabolic_score,rils_rols,base,1,0.317678*gender_std - 0.028251*exp(-fasting_glucose - 3.183099*sin(0.9/fasting_glucose)) + 0.600185*sin(waist_circumference) - 0.703634*sin(sin(2.42*sin(triglycerides - 424.50929))) - 0.630928*cos(exp(sin(2.4*sin(systolic_bp)))) + 2.55987 + 0.366015*exp(-0.947116*hdl_cholesterol),44.25,0.2756715152534633,0.25082514106118653,0.8396188740031174,0.8578391158314851
NHANES_metabolic_score,rils_rols,base,2,0.315075*gender_std - 0.040625*exp(-fasting_glucose - 2.827433*sin(0.9/fasting_glucose)) + 0.573778*sin(waist_circumference) - 1.974828*sin(sin(sin(systolic_bp - 0.726)) - 316.080957) - 0.588087*sin(2.2*sin(triglycerides - 500)) + 1.100856 + 0.399759*exp(-0.910231*hdl_cholesterol),42.5,0.26366084489769837,0.2849705110578634,0.8426337862301365,0.853560832971006
NHANES_metabolic_score,rils_rols,base,3,0.322998*gender_std - 0.046468*exp(-fasting_glucose + exp(-sin(0.81/fasting_glucose))) + 0.501063*exp(sin(2.2*sin(systolic_bp))) + 0.583775*sin(waist_circumference) + 0.537289*sin(2.2*sin(2.5350213195293*sin(triglycerides - 0.355027))) + 1.83221 + 0.350811*exp(-0.975534*hdl_cholesterol),45.25,0.26002610178096247,0.31152110497862845,0.8388465452681176,0.8349848042628399
NHANES_metabolic_score,rils_rols,base,5,0.317342*gender_std - 0.040535*exp(-fasting_glucose - 2.827433*sin(0.9/fasting_glucose)) + 0.601009*sin(waist_circumference) + 0.716303*sin(sin(2.28113637089452*sin(triglycerides - 0.487087))) - 0.623511*cos(exp(sin(2.4*sin(systolic_bp)))) + 2.591577 + 0.355185272623839*exp(-hdl_cholesterol),43.0,0.2703307537704903,0.23041593423410625,0.8452934592689421,0.8674277456861966
NHANES_metabolic_score,rils_rols,base,8,0.319548*gender_std - 0.011611*exp(-fasting_glucose - 4.146902*sin(0.8/fasting_glucose)) + 0.490849*exp(sin(2.2*sin(systolic_bp))) + 0.583361*sin(waist_circumference) - 0.603863*sin(2.22222222222222*sin(1.81818181818182*triglycerides - 41.6173890909091)) + 1.806896 + 0.372253170485811*exp(-hdl_cholesterol),41.25,0.27939949949189613,0.27140002454621637,0.8371800004538011,0.8506987463941336
NHANES_metabolic_score,rils_rols,base,13,0.321521*gender_std - 0.047208*exp(-fasting_glucose - 2.64*sin(0.9/fasting_glucose)) + 0.620221*sin(waist_circumference) + 0.686781*sin(sin(2.4404469922711*sin(triglycerides - 0.409761))) - 0.618562*cos(exp(sin(2.2*sin(systolic_bp)))) + 2.563721 + 0.363949279312971*exp(-hdl_cholesterol),43.0,0.27814328181763526,0.2837998238264272,0.8409527558913596,0.8419431749164653
NHANES_metabolic_score,rils_rols,base,21,0.325716*gender_std - 0.059744*exp(-2*fasting_glucose + 2*sin(fasting_glucose - 1.1/fasting_glucose)) + 0.496092*exp(sin(2.2*sin(systolic_bp))) + 0.575645*sin(waist_circumference) + 0.579635*sin(2.31323517505407*sin(triglycerides - 0.432295)) - 0.782241*cos(0.668434411628971*exp(-hdl_cholesterol)) + 2.71881,45.0,0.26930042111241964,0.2626061843247748,0.8448169425704976,0.8388881868359745
NHANES_metabolic_score,rils_rols,base,34,-0.013848*(exp(-fasting_glucose - 2*sin(0.81/fasting_glucose)) - 3.141593)**2 + 0.493054*exp(sin(2.4*sin(systolic_bp))) + 0.5882*sin(waist_circumference) + 0.783403*sin(sin(triglycerides - 0.796792)) - 0.780869*cos(0.795500343023091*exp(-hdl_cholesterol) + 0.66/gender_std) + 2.681488,46.5,0.27223135044419844,0.21999104795001662,0.8450325212599562,0.8679888104939316
NHANES_metabolic_score,rils_rols,base,55,0.335624*gender_std - 0.039976*exp(-fasting_glucose - 2.827433*sin(0.9/fasting_glucose)) + 0.549493*sin(waist_circumference) + 0.575173*sin(2.2*sin(systolic_bp)) + 0.576249*sin(2.16734974306069*sin(2.67574278619745*sin(triglycerides - 0.415253))) + 2.458486 + 0.341014285990363*exp(-hdl_cholesterol),41.25,0.2820082981403956,0.27349439755895916,0.8346932894472958,0.8448830317957401
NHANES_metabolic_score,rils_rols,base,89,0.333583*gender_std - 0.005198*exp(-2*fasting_glucose - 4.4*sin(0.81/fasting_glucose)) + 0.589178*sin(waist_circumference) + 0.594905*sin(2.2*sin(triglycerides - 0.48356)) - 0.634809*cos(exp(sin(2.4*sin(systolic_bp)))) + 2.585509 + 0.353736865349546*exp(-hdl_cholesterol),42.75,0.2806510972510003,0.2688324381595214,0.8394071742550594,0.8346836917379871
